Signal,Delta,Theta,LowAlpha,HighAlpha,LowBeta,HighBeta,LowGamma,MidGamma,Word
7,68,378,786,1038,1455,1800,3236,4106,low
32,90,399,768,1080,1368,1868,3158,4330,low
17,94,387,793,1064,1300,1989,3215,4352,low
35,86,369,771,1039,1387,1829,3109,4175,low
15,65,385,790,1031,1356,1844,3284,4110,low
12,66,365,761,1044,1420,1968,3152,4294,low
14,57,388,784,1050,1423,1835,3294,4183,low
34,79,387,790,1003,1347,1874,3273,4444,low
29,87,386,797,1085,1441,1824,3238,4226,low
46,97,385,776,1053,1364,1867,3205,4408,low
40,62,372,784,1063,1323,1950,3268,4166,low
43,81,362,774,1092,1403,1973,3268,4496,low
32,98,395,787,1041,1374,1814,3281,4293,low
37,71,361,764,1000,1328,1857,3221,4102,low
45,89,391,798,1065,1329,1840,3105,4431,low
35,84,394,754,1061,1436,1952,3149,4299,low
47,50,355,750,1078,1335,1993,3148,4476,low
35,57,386,759,1012,1476,1941,3271,4455,low
17,76,361,796,1093,1319,1837,3148,4319,low
12,80,355,762,1001,1326,1813,3111,4349,low
45,59,363,759,1068,1468,1820,3298,4463,low
32,95,397,782,1053,1395,1808,3135,4295,low
24,67,383,757,1038,1398,1986,3139,4456,low
20,65,367,792,1043,1429,1812,3191,4147,low
33,99,356,769,1034,1347,1822,3241,4332,low
30,75,375,795,1076,1390,1921,3297,4251,low
30,66,377,794,1030,1405,1865,3108,4242,low
30,83,382,754,1035,1305,1911,3170,4218,low
24,89,350,772,1027,1360,1841,3111,4436,low
47,70,395,753,1045,1350,1924,3252,4300,low
17,133,508,847,1082,1451,2145,3692,4626,mid
24,97,404,837,1114,1536,2108,3467,4620,mid
21,94,394,850,1112,1482,1912,3240,4550,mid
14,169,485,856,1099,1538,2233,3318,4666,mid
35,97,481,819,1112,1540,2265,3774,4617,mid
12,188,397,895,1120,1545,1977,3239,4414,mid
40,195,334,802,1101,1578,2263,3343,4402,mid
40,100,422,888,1110,1479,2148,3638,4627,mid
42,143,400,864,1084,1510,2310,3785,4413,mid
39,186,511,847,1108,1569,2268,3242,4413,mid
23,157,339,871,1117,1579,1962,3365,4407,mid
7,156,550,897,1126,1586,2122,3416,4586,mid
45,107,549,878,1121,1576,2315,3704,4552,mid
21,117,414,847,1116,1494,1912,3621,4567,mid
20,143,356,857,1116,1534,2162,3539,4579,mid
8,140,547,888,1115,1523,2067,3696,4440,mid
45,129,353,809,1125,1486,2161,3754,4452,mid
26,103,508,850,1117,1500,1994,3212,4546,mid
28,194,433,892,1118,1462,2093,3739,4444,mid
23,150,358,825,1124,1507,1935,3305,4692,mid
47,87,491,828,1093,1451,1947,3708,4440,mid
8,130,371,822,1125,1538,2395,3460,4661,mid
23,92,336,798,1119,1561,2333,3642,4646,mid
34,143,529,891,1129,1594,1973,3520,4608,mid
30,197,475,888,1084,1480,2238,3443,4498,mid
17,174,489,839,1084,1502,2095,3711,4604,mid
9,185,359,873,1101,1467,2223,3653,4457,mid
18,183,381,807,1084,1575,2386,3504,4552,mid
30,80,337,784,1089,1560,2336,3472,4536,mid
32,143,535,786,1109,1527,2184,3587,4618,mid
8,199,593,897,1153,1632,2930,3648,4809,high
18,203,558,873,1138,1610,2355,3632,4819,high
16,228,665,890,1131,1675,2865,3685,4629,high
14,195,622,870,1119,1598,2683,3688,4707,high
40,185,613,870,1164,1645,2840,3506,4880,high
44,202,498,888,1159,1558,2924,3782,4639,high
34,231,492,900,1109,1611,2881,3817,4617,high
28,214,515,857,1126,1563,2359,3871,4664,high
21,256,572,886,1146,1576,2816,3558,4851,high
13,194,672,899,1172,1577,2512,3651,4795,high
12,234,566,868,1105,1648,2501,3734,4870,high
9,233,583,915,1111,1608,2744,3740,4612,high
29,194,540,873,1113,1631,2385,3884,4811,high
28,215,492,907,1118,1639,2445,3712,4879,high
33,222,608,910,1142,1608,2543,3716,4772,high
8,210,513,868,1118,1588,2761,3600,4814,high
30,220,490,916,1143,1613,2358,3956,4929,high
10,230,510,853,1105,1673,2449,3630,4914,high
27,190,613,918,1170,1561,2815,3809,4761,high
18,215,627,925,1119,1589,2888,3682,4837,high
24,216,602,907,1148,1674,2661,3742,4664,high
7,202,504,868,1142,1649,2863,3514,4675,high
35,210,581,858,1143,1611,2743,3814,4708,high
35,252,574,884,1173,1624,2974,3842,4811,high
17,234,652,897,1161,1583,2450,3668,4656,high
25,270,540,898,1175,1660,2745,3796,4613,high
43,184,567,906,1146,1557,2216,3739,4613,high
21,192,539,902,1122,1595,2881,3533,4962,high
46,247,618,876,1109,1552,2642,3543,4814,high
39,201,586,910,1160,1611,2584,3779,4644,high
7,88,369,753,1013,1323,1913,3275,4226,low
29,68,379,800,1085,1391,1992,3247,4259,low
46,84,396,783,1041,1411,1925,3210,4297,low
31,51,355,770,1041,1311,1831,3203,4137,low
26,87,395,783,1047,1485,1886,3129,4217,low
30,89,380,776,1018,1473,1920,3179,4376,low
14,74,391,760,1089,1353,1921,3143,4286,low
43,64,367,799,1037,1378,1996,3283,4177,low
9,58,384,781,1084,1377,1893,3215,4280,low
17,76,372,782,1043,1476,1879,3155,4478,low
47,80,398,792,1048,1432,1817,3208,4123,low
44,65,377,759,1071,1340,1920,3159,4187,low
10,83,360,784,1082,1371,1911,3269,4328,low
23,75,398,771,1012,1385,1910,3190,4208,low
23,55,392,780,1044,1456,1938,3232,4427,low
31,86,369,758,1030,1300,1931,3139,4469,low
44,96,395,758,1097,1359,1878,3254,4393,low
37,55,390,787,1047,1482,1995,3141,4368,low
24,79,398,790,1007,1366,1807,3170,4335,low
24,71,395,798,1025,1439,1855,3283,4401,low
11,65,384,760,1098,1445,1873,3172,4154,low
44,96,392,758,1006,1330,1967,3203,4495,low
7,87,383,794,1010,1361,1845,3140,4394,low
14,72,362,784,1026,1369,1882,3257,4366,low
42,78,374,776,1088,1468,1970,3226,4325,low
44,79,356,770,1005,1411,1860,3114,4356,low
10,73,355,784,1036,1381,1944,3177,4318,low
34,61,358,765,1055,1413,1969,3196,4492,low
42,74,391,783,1078,1419,1821,3254,4486,low
19,81,350,794,1070,1373,1836,3206,4285,low
26,109,419,880,1129,1582,2378,3426,4407,mid
31,105,513,865,1099,1452,2108,3248,4556,mid
18,184,490,897,1100,1563,2247,3528,4685,mid
35,151,548,783,1116,1514,2152,3406,4617,mid
18,100,343,801,1121,1468,2370,3498,4466,mid
42,110,487,789,1113,1539,2359,3356,4487,mid
10,90,392,801,1118,1532,2164,3413,4470,mid
35,199,478,879,1095,1539,1929,3342,4550,mid
26,109,346,782,1088,1506,2367,3286,4545,mid
10,198,548,883,1102,1549,2188,3304,4619,mid
38,106,364,780,1116,1450,2293,3580,4520,mid
28,177,461,797,1115,1569,2159,3763,4572,mid
28,194,522,837,1089,1473,2204,3581,4495,mid
38,130,377,883,1122,1490,2222,3406,4462,mid
43,84,519,892,1089,1504,2223,3518,4495,mid
12,80,351,838,1082,1501,2103,3478,4579,mid
40,194,522,888,1119,1593,1981,3369,4489,mid
24,159,349,803,1117,1526,2252,3763,4418,mid
9,95,518,808,1110,1468,2287,3380,4495,mid
11,174,481,886,1124,1550,2123,3800,4612,mid
29,188,526,839,1095,1547,1927,3239,4605,mid
18,141,474,858,1106,1455,2307,3221,4645,mid
19,103,383,847,1094,1589,2025,3401,4450,mid
44,135,458,846,1124,1590,2035,3394,4677,mid
29,104,417,844,1125,1494,2371,3480,4464,mid
25,185,419,893,1086,1538,2296,3690,4562,mid
25,189,430,844,1096,1543,2395,3647,4415,mid
36,85,548,823,1111,1490,2025,3260,4469,mid
17,96,336,882,1081,1480,2175,3601,4676,mid
18,191,332,856,1109,1463,2259,3404,4453,mid
33,214,599,899,1173,1604,2633,3602,4751,high
11,246,492,925,1117,1632,2202,3760,4821,high
7,231,578,892,1160,1586,2505,3849,4693,high
16,256,537,895,1120,1590,2782,3969,4850,high
46,252,627,884,1152,1563,2583,3803,4937,high
37,212,515,867,1152,1601,2729,3933,4725,high
38,242,508,897,1158,1671,2855,3505,4910,high
32,197,645,871,1128,1598,2850,3626,4712,high
11,251,636,910,1114,1581,2507,3965,4907,high
10,201,484,867,1164,1597,2926,3704,4975,high
26,196,575,857,1122,1613,2726,3785,4614,high
47,250,490,882,1117,1660,2775,3501,4838,high
30,262,642,891,1172,1610,2691,3926,4837,high
7,251,547,916,1136,1628,2471,3874,4881,high
12,198,618,917,1145,1585,2217,3895,4867,high
12,210,528,875,1167,1578,2945,3819,4706,high
7,204,520,897,1148,1561,2612,3748,4889,high
47,224,552,877,1117,1570,2816,3864,4932,high
18,270,652,883,1121,1674,2552,3891,4707,high
32,275,530,879,1100,1579,2279,3880,4741,high
35,228,629,867,1152,1602,2472,3963,4930,high
15,230,553,915,1138,1563,2302,3667,4602,high
41,224,514,913,1159,1605,2535,3681,4740,high
24,242,603,890,1167,1671,2879,3729,4936,high
21,247,584,855,1119,1579,2592,3663,4818,high
39,202,597,906,1175,1606,2883,3884,4684,high
32,261,496,865,1100,1608,2770,3554,4843,high
32,185,606,921,1105,1671,2909,3743,4889,high
10,244,672,860,1120,1577,2825,3500,4674,high
29,271,550,867,1105,1608,2531,3858,4727,high
25,56,392,777,1061,1373,1845,3218,4399,low
9,69,369,766,1005,1353,1905,3112,4397,low
43,73,394,797,1091,1404,1979,3226,4202,low
25,91,390,787,1059,1413,1886,3190,4487,low
33,67,398,790,1045,1305,1933,3161,4493,low
25,80,379,786,1038,1475,1850,3288,4411,low
14,60,392,766,1034,1332,1984,3278,4348,low
9,62,389,784,1095,1325,1853,3128,4476,low
38,60,375,754,1068,1442,1846,3115,4352,low
13,51,371,756,1021,1350,1810,3294,4205,low
27,68,383,767,1048,1367,1839,3259,4359,low
20,96,359,782,1024,1305,1878,3228,4377,low
15,80,350,753,1097,1300,1819,3176,4282,low
41,98,361,786,1006,1430,1985,3246,4165,low
39,68,399,787,1051,1434,1815,3236,4341,low
39,90,350,755,1079,1321,1916,3256,4345,low
47,81,388,761,1008,1399,1859,3192,4183,low
32,92,397,756,1019,1319,1866,3217,4246,low
45,82,367,794,1091,1479,1950,3245,4166,low
40,83,380,789,1081,1328,1947,3218,4342,low
39,52,359,750,1051,1342,1951,3246,4287,low
40,75,382,750,1060,1461,1854,3217,4446,low
12,100,366,767,1085,1327,1907,3291,4300,low
22,76,390,795,1095,1464,1966,3170,4443,low
43,60,392,778,1066,1462,1929,3173,4310,low
22,93,393,792,1054,1383,1829,3104,4151,low
14,58,387,775,1092,1390,1854,3155,4191,low
9,93,395,769,1052,1353,1868,3163,4143,low
27,54,396,779,1028,1330,1893,3163,4133,low
16,82,377,760,1095,1345,1852,3206,4187,low
17,158,419,892,1128,1476,2035,3532,4532,mid
23,162,384,835,1119,1510,2173,3315,4442,mid
19,107,536,799,1087,1577,2113,3216,4610,mid
26,179,541,900,1122,1555,1955,3390,4543,mid
45,147,541,865,1090,1567,2318,3657,4677,mid
17,169,369,790,1089,1530,2154,3424,4541,mid
32,107,395,793,1083,1479,2340,3603,4682,mid
13,137,426,786,1095,1482,2273,3592,4565,mid
41,96,348,843,1097,1548,2223,3377,4545,mid
32,91,501,883,1102,1539,2227,3399,4470,mid
20,152,346,851,1120,1469,2023,3690,4672,mid
11,114,423,800,1089,1567,1937,3483,4474,mid
8,101,411,817,1125,1562,2365,3613,4503,mid
42,104,527,867,1122,1494,2252,3497,4651,mid
15,113,494,825,1105,1467,2260,3683,4693,mid
17,175,428,882,1090,1527,1992,3724,4530,mid
19,124,465,783,1094,1583,2158,3230,4647,mid
18,126,414,874,1085,1488,2167,3306,4548,mid
36,191,546,875,1116,1553,2172,3571,4436,mid
9,196,424,881,1127,1584,2355,3711,4632,mid
45,127,381,847,1101,1540,2333,3277,4520,mid
15,162,544,875,1093,1510,2266,3721,4545,mid
18,190,373,863,1087,1456,2184,3376,4414,mid
17,197,356,818,1105,1499,2314,3637,4440,mid
10,82,513,850,1091,1579,2050,3782,4446,mid
46,105,491,871,1109,1578,2049,3765,4405,mid
9,200,435,790,1110,1480,2115,3711,4551,mid
12,155,385,794,1101,1475,2043,3236,4679,mid
36,182,540,876,1121,1533,2153,3803,4557,mid
29,140,440,846,1116,1510,2312,3661,4626,mid
17,223,608,869,1172,1652,2600,3971,4609,high
45,185,675,912,1145,1553,2781,3813,4657,high
32,183,651,891,1141,1602,2860,3545,4829,high
26,208,659,866,1160,1591,2745,3961,4659,high
24,221,524,878,1145,1585,2259,3626,4934,high
13,269,565,896,1140,1675,2499,3532,4843,high
32,197,577,909,1158,1562,2919,3517,4965,high
24,274,519,883,1116,1601,2227,3607,4956,high
14,247,548,915,1175,1558,2551,3612,4701,high
14,210,512,887,1114,1630,2834,3564,4800,high
32,232,516,886,1131,1583,2973,3611,4641,high
9,240,641,915,1132,1620,2394,3580,4862,high
8,203,528,895,1140,1628,2767,3954,4807,high
18,207,607,892,1143,1623,2576,3970,4799,high
29,207,590,909,1171,1578,2706,3723,4909,high
32,229,529,890,1131,1597,2403,3751,4702,high
18,242,565,864,1123,1587,2447,3798,4862,high
20,196,491,891,1151,1660,2312,3534,4674,high
46,194,528,851,1145,1560,2228,3762,4786,high
13,220,553,922,1118,1610,2310,3618,4745,high
41,271,545,853,1142,1672,2921,3538,4617,high
40,219,599,901,1155,1673,2643,3593,4970,high
44,260,547,906,1145,1590,2528,3668,4772,high
31,267,632,890,1128,1622,2375,3791,4618,high
17,199,504,883,1124,1651,2321,3914,4891,high
36,234,645,916,1114,1615,2651,3936,4934,high
30,248,510,923,1150,1664,2776,3555,4765,high
46,232,561,910,1102,1608,2900,3626,4610,high
39,203,602,873,1156,1595,2961,3792,4724,high
13,202,507,893,1143,1558,2456,3537,4766,high
21,68,351,769,1014,1347,1800,3214,4312,low
18,54,358,760,1027,1462,1829,3149,4325,low
13,100,359,767,1009,1313,1963,3190,4342,low
37,58,388,774,1096,1317,1913,3101,4494,low
20,64,385,778,1018,1464,1851,3128,4487,low
18,83,375,768,1089,1439,1927,3267,4142,low
8,61,396,782,1018,1403,1828,3255,4471,low
28,72,361,778,1061,1446,1940,3202,4128,low
20,82,389,779,1095,1461,1830,3287,4143,low
31,66,400,761,1032,1487,1863,3267,4158,low
37,94,357,773,1014,1318,1904,3181,4143,low
46,50,374,779,1069,1448,1944,3161,4217,low
15,70,371,794,1020,1336,1896,3158,4187,low
24,58,372,779,1021,1357,1921,3269,4424,low
42,88,385,788,1042,1416,1921,3231,4289,low
10,99,371,767,1076,1393,1812,3220,4438,low
19,72,397,768,1099,1351,1873,3107,4390,low
30,79,388,763,1030,1370,1876,3249,4222,low
21,58,391,756,1030,1302,1843,3259,4414,low
27,95,359,770,1011,1443,1922,3221,4331,low
9,71,378,761,1058,1406,1897,3142,4359,low
10,94,351,761,1061,1353,1946,3219,4119,low
21,73,370,765,1079,1434,1831,3109,4429,low
9,55,353,770,1082,1387,1968,3236,4256,low
26,53,379,770,1002,1427,1857,3239,4291,low
22,59,398,795,1010,1443,1996,3269,4291,low
44,96,367,758,1004,1370,1882,3245,4297,low
16,100,393,783,1092,1436,1842,3121,4407,low
22,54,379,792,1092,1424,1941,3246,4463,low
20,52,382,778,1041,1402,1885,3228,4246,low
34,185,451,864,1103,1551,2297,3640,4692,mid
7,135,354,835,1081,1456,1912,3636,4626,mid
42,180,372,872,1099,1518,1939,3226,4508,mid
27,105,535,867,1129,1522,2338,3364,4556,mid
37,160,434,897,1120,1474,2095,3692,4647,mid
42,102,468,892,1091,1538,2225,3555,4635,mid
45,133,466,847,1123,1527,1982,3475,4538,mid
34,105,466,795,1081,1590,1904,3578,4568,mid
12,113,482,869,1097,1456,2049,3633,4643,mid
44,160,330,895,1116,1568,2251,3522,4567,mid
36,173,539,876,1130,1572,2210,3312,4639,mid
34,121,428,799,1114,1514,2218,3501,4469,mid
43,146,479,857,1101,1497,2198,3379,4560,mid
21,89,330,810,1112,1508,2235,3380,4534,mid
37,105,430,812,1130,1527,2085,3581,4564,mid
31,146,437,865,1082,1543,2366,3442,4417,mid
21,122,480,830,1091,1600,2213,3798,4646,mid
47,191,547,781,1082,1527,2126,3602,4521,mid
17,119,384,784,1084,1527,2353,3753,4652,mid
39,168,412,894,1094,1496,1950,3461,4562,mid
24,189,499,852,1084,1531,2165,3523,4683,mid
36,141,376,823,1104,1492,2213,3387,4450,mid
41,137,537,884,1122,1456,2148,3779,4406,mid
37,106,497,832,1101,1512,1959,3686,4573,mid
33,134,441,787,1089,1590,1952,3745,4675,mid
42,180,523,885,1088,1528,2074,3620,4635,mid
19,113,357,793,1082,1521,1918,3320,4424,mid
14,113,537,887,1095,1587,2250,3455,4574,mid
29,153,462,783,1101,1550,2343,3221,4542,mid
36,93,389,869,1094,1534,2101,3749,4585,mid
35,198,500,905,1148,1611,2325,3600,4706,high
47,203,507,888,1148,1615,2262,3666,4757,high
35,237,646,856,1171,1624,2622,3932,4673,high
32,187,482,913,1159,1672,2222,3757,4863,high
47,271,636,868,1155,1550,2892,3636,4649,high
35,229,599,916,1154,1664,2306,3787,4677,high
29,248,592,879,1103,1564,2421,3888,4816,high
42,227,614,901,1165,1572,2332,3613,4898,high
47,208,657,913,1140,1572,2322,3850,4877,high
37,249,498,912,1113,1595,2894,3748,4794,high
36,235,522,864,1162,1569,2802,3549,4694,high
28,219,519,911,1116,1618,2720,3955,4857,high
42,223,658,924,1166,1631,2333,3525,4860,high
34,235,485,887,1151,1636,2309,3767,4632,high
7,249,605,872,1100,1661,2545,3545,4749,high
38,227,609,925,1107,1652,2673,3663,4684,high
40,186,601,919,1136,1635,2751,3619,4927,high
34,212,527,885,1168,1671,2481,3722,4785,high
7,226,495,850,1113,1600,2839,3616,4644,high
47,248,663,916,1112,1635,2694,3571,4773,high
14,254,502,863,1141,1562,2489,3952,4675,high
34,227,507,860,1139,1609,2848,3531,4971,high
13,250,643,884,1154,1627,2967,3830,4972,high
27,195,613,923,1173,1579,2367,3778,4914,high
44,234,581,920,1149,1607,2361,3849,4930,high
39,231,524,905,1155,1654,2483,3778,4862,high
24,249,512,910,1113,1569,2503,3755,4654,high
26,184,588,867,1157,1580,2746,3675,4926,high
9,200,600,896,1127,1655,2267,3737,4779,high
16,180,517,905,1128,1606,2213,3871,4948,high
46,64,372,765,1084,1424,1932,3191,4499,low
24,76,360,798,1098,1370,1895,3272,4334,low
31,56,377,787,1043,1403,1920,3209,4417,low
14,87,357,758,1055,1477,1942,3117,4178,low
36,86,376,758,1009,1346,1939,3212,4110,low
29,64,387,764,1027,1454,1993,3102,4264,low
12,71,359,761,1073,1409,1881,3215,4272,low
14,92,358,791,1078,1465,1920,3230,4116,low
18,55,392,770,1005,1456,1951,3111,4228,low
20,70,367,784,1098,1349,1918,3100,4383,low
29,86,366,791,1061,1474,1906,3263,4186,low
12,76,374,767,1092,1341,1987,3201,4410,low
17,62,351,799,1048,1319,1871,3162,4145,low
7,96,362,784,1098,1309,1949,3187,4401,low
28,66,396,783,1024,1322,1953,3103,4146,low
37,100,373,769,1081,1441,1923,3186,4296,low
18,77,398,778,1002,1465,1996,3135,4331,low
27,79,389,774,1073,1434,1866,3278,4157,low
35,95,394,750,1093,1301,1916,3133,4197,low
27,70,395,785,1022,1481,1968,3129,4201,low
47,57,359,782,1087,1331,1998,3161,4313,low
7,80,400,774,1033,1331,1987,3152,4212,low
45,95,364,793,1008,1365,1868,3175,4494,low
36,69,379,800,1071,1318,1865,3146,4278,low
11,97,352,800,1060,1447,1957,3118,4362,low
18,68,368,791,1075,1410,1892,3287,4257,low
19,74,382,792,1055,1470,1967,3163,4153,low
41,85,393,773,1055,1336,1911,3121,4405,low
21,93,387,795,1035,1365,1839,3245,4343,low
36,95,352,760,1044,1490,1810,3166,4128,low
15,185,344,813,1092,1566,1962,3803,4407,mid
36,200,360,839,1102,1591,2213,3537,4432,mid
41,182,480,860,1116,1523,2072,3440,4422,mid
25,136,447,817,1109,1577,2261,3782,4515,mid
35,171,535,880,1089,1543,2049,3629,4437,mid
27,168,504,834,1087,1544,2159,3464,4574,mid
18,194,472,847,1100,1545,2337,3469,4492,mid
41,200,420,782,1107,1562,1951,3489,4691,mid
42,188,410,811,1120,1452,1934,3523,4534,mid
19,120,498,880,1105,1573,2325,3712,4496,mid
10,162,365,886,1129,1529,1919,3746,4542,mid
16,101,417,823,1101,1533,2043,3614,4617,mid
25,182,484,846,1115,1525,2293,3748,4692,mid
14,164,518,781,1122,1459,2210,3804,4641,mid
18,90,366,895,1121,1597,2358,3544,4604,mid
39,109,372,788,1114,1461,2144,3207,4624,mid
36,80,377,784,1128,1597,2075,3225,4607,mid
32,157,498,832,1098,1559,2338,3770,4468,mid
29,160,486,891,1084,1479,1968,3765,4625,mid
13,113,528,853,1126,1514,1970,3222,4557,mid
17,101,513,829,1105,1546,2170,3335,4572,mid
11,93,433,890,1114,1532,2186,3696,4643,mid
43,151,479,898,1089,1538,2214,3322,4454,mid
7,122,461,886,1115,1466,2318,3647,4438,mid
8,179,463,803,1104,1586,1908,3371,4528,mid
45,158,493,785,1086,1595,2203,3205,4543,mid
11,132,409,876,1110,1563,2136,3433,4538,mid
24,170,505,817,1086,1492,2323,3575,4669,mid
38,96,393,881,1083,1593,2332,3786,4681,mid
26,131,363,829,1091,1488,2250,3306,4687,mid
41,217,589,851,1143,1624,2665,3554,4810,high
31,210,632,898,1115,1644,2340,3718,4636,high
21,216,515,876,1111,1588,2504,3713,4879,high
8,185,510,902,1155,1675,2217,3740,4950,high
25,264,621,925,1167,1568,2508,3688,4938,high
34,219,532,912,1100,1617,2598,3656,4940,high
38,207,628,902,1149,1584,2282,3656,4808,high
18,225,562,896,1142,1672,2812,3506,4857,high
40,275,658,873,1143,1643,2717,3814,4781,high
30,235,563,878,1173,1607,2785,3645,4628,high
25,202,520,868,1118,1658,2467,3928,4620,high
20,266,497,865,1109,1629,2531,3572,4665,high
24,212,586,877,1118,1638,2306,3635,4707,high
12,266,627,867,1121,1674,2535,3765,4685,high
14,239,484,878,1140,1664,2220,3669,4857,high
27,217,507,924,1112,1645,2518,3888,4660,high
26,201,543,890,1143,1593,2746,3844,4671,high
31,211,496,918,1141,1656,2537,3598,4656,high
17,201,637,911,1126,1643,2297,3556,4879,high
26,184,553,873,1161,1566,2957,3516,4704,high
20,269,492,856,1128,1664,2965,3776,4743,high
40,275,601,916,1146,1597,2238,3912,4761,high
44,190,673,866,1108,1554,2780,3546,4685,high
34,250,665,912,1166,1593,2739,3920,4668,high
17,191,671,879,1159,1658,2798,3578,4916,high
21,250,571,853,1170,1561,2501,3628,4641,high
7,180,615,861,1153,1599,2953,3944,4861,high
30,188,540,900,1132,1591,2783,3816,4726,high
32,220,641,854,1155,1556,2648,3535,4753,high
16,264,589,920,1105,1618,2570,3959,4721,high
8,69,387,760,1019,1400,1919,3183,4413,low
29,60,356,772,1021,1310,1961,3231,4442,low
44,77,380,771,1033,1432,1839,3188,4388,low
17,95,353,774,1077,1442,1916,3208,4386,low
24,88,358,765,1034,1321,1815,3110,4195,low
13,52,381,792,1027,1398,1833,3195,4172,low
18,53,391,781,1016,1455,1820,3225,4139,low
41,59,351,763,1046,1337,1831,3199,4247,low
44,67,395,787,1035,1333,1973,3212,4309,low
14,99,381,767,1071,1370,1887,3132,4437,low
40,86,376,786,1049,1441,1852,3231,4400,low
41,85,365,791,1006,1432,1968,3288,4199,low
9,94,351,758,1003,1447,1859,3146,4123,low
43,74,364,769,1092,1305,1836,3161,4167,low
40,69,350,754,1050,1303,1957,3287,4188,low
18,92,356,787,1004,1429,1898,3143,4163,low
31,95,375,767,1043,1342,1927,3168,4225,low
25,55,380,757,1001,1489,1987,3122,4290,low
7,85,383,750,1078,1328,1906,3163,4485,low
33,76,389,779,1046,1423,1858,3255,4137,low
7,72,398,763,1091,1448,1915,3256,4253,low
43,65,392,792,1063,1393,1933,3221,4317,low
13,70,395,769,1035,1319,1860,3274,4102,low
18,72,399,751,1020,1302,1972,3124,4314,low
34,63,354,755,1083,1471,1865,3244,4134,low
36,80,399,762,1017,1334,1875,3228,4359,low
23,74,361,781,1000,1409,1809,3108,4494,low
39,53,356,762,1093,1378,1901,3132,4110,low
46,77,388,787,1075,1357,2000,3176,4374,low
42,62,374,753,1029,1354,1926,3169,4497,low
27,197,523,900,1100,1555,1981,3399,4689,mid
38,198,473,780,1084,1599,1961,3800,4636,mid
45,197,539,859,1111,1512,2149,3279,4550,mid
38,128,353,785,1122,1585,2356,3370,4693,mid
38,112,523,782,1092,1472,2224,3487,4534,mid
24,198,456,804,1111,1512,2287,3740,4630,mid
24,132,503,806,1106,1501,2087,3591,4623,mid
36,103,447,884,1112,1584,2311,3477,4413,mid
43,161,485,875,1106,1505,1940,3321,4519,mid
42,162,386,814,1117,1534,2328,3647,4570,mid
42,195,543,868,1090,1512,2380,3744,4467,mid
28,91,368,873,1119,1525,2364,3758,4411,mid
44,117,449,878,1119,1530,2056,3606,4538,mid
7,88,432,844,1107,1476,2038,3771,4607,mid
47,149,502,828,1105,1527,2271,3630,4670,mid
30,138,416,855,1094,1582,2224,3666,4599,mid
11,153,391,875,1100,1490,2256,3512,4639,mid
35,182,438,829,1104,1542,2006,3564,4656,mid
47,120,372,850,1080,1545,2118,3376,4625,mid
33,153,350,806,1104,1520,2364,3746,4467,mid
34,93,367,822,1116,1529,2064,3389,4622,mid
39,81,416,864,1112,1549,1971,3750,4405,mid
32,137,487,794,1106,1512,1984,3285,4430,mid
36,159,379,864,1083,1591,1920,3755,4605,mid
13,181,386,881,1129,1461,2367,3514,4548,mid
33,138,404,893,1122,1504,2169,3640,4449,mid
16,113,456,825,1119,1514,2105,3538,4414,mid
16,112,382,891,1084,1469,2042,3297,4623,mid
27,110,361,820,1099,1529,2327,3604,4452,mid
16,147,499,851,1108,1484,1946,3572,4592,mid
22,245,605,859,1146,1633,2843,3756,4852,high
30,188,535,866,1130,1641,2371,3862,4905,high
13,228,584,895,1105,1570,2669,3656,4913,high
11,225,508,921,1126,1663,2812,3553,4731,high
24,206,537,871,1133,1660,2292,3728,4752,high
47,269,573,866,1174,1595,2330,3738,4621,high
24,206,592,889,1126,1577,2235,3894,4688,high
16,181,589,905,1120,1672,2397,3956,4707,high
30,259,637,861,1154,1657,2809,3550,4677,high
21,263,482,874,1175,1561,2559,3509,4690,high
39,199,585,905,1151,1667,2908,3768,4752,high
40,209,497,918,1127,1585,2398,3901,4974,high
39,258,599,891,1107,1556,2869,3815,4747,high
41,229,550,879,1152,1587,2223,3506,4791,high
40,183,613,912,1137,1573,2437,3727,4608,high
43,192,594,888,1170,1635,2723,3643,4712,high
12,231,631,901,1163,1575,2321,3561,4698,high
37,203,659,861,1128,1629,2524,3630,4697,high
7,235,493,866,1112,1591,2727,3933,4654,high
44,198,571,882,1147,1590,2758,3682,4805,high
38,246,552,863,1102,1639,2248,3620,4786,high
7,262,532,874,1102,1594,2461,3637,4923,high
34,259,669,874,1108,1656,2644,3530,4706,high
13,251,557,922,1125,1654,2446,3663,4952,high
34,272,602,893,1168,1568,2747,3608,4661,high
21,235,635,858,1160,1674,2383,3798,4838,high
15,268,508,879,1106,1557,2352,3807,4912,high
33,194,613,861,1131,1566,2393,3671,4910,high
41,238,577,860,1144,1637,2317,3635,4668,high
22,236,625,921,1134,1646,2888,3680,4902,high
38,80,378,797,1004,1367,1860,3125,4443,low
34,71,373,788,1092,1369,1828,3125,4206,low
12,81,392,789,1039,1320,1928,3188,4198,low
33,80,396,795,1094,1329,1915,3295,4431,low
32,95,371,778,1073,1350,1962,3146,4231,low
35,80,383,784,1063,1463,1839,3143,4367,low
31,92,388,781,1033,1365,1959,3289,4475,low
20,69,383,766,1077,1413,1972,3234,4103,low
42,52,362,790,1088,1425,1864,3106,4460,low
13,78,385,757,1070,1387,1959,3164,4294,low
32,86,354,774,1045,1343,1877,3128,4258,low
31,78,399,760,1001,1381,1850,3240,4281,low
47,87,351,788,1086,1432,1969,3104,4484,low
40,54,353,781,1080,1389,1849,3154,4489,low
36,86,398,783,1015,1385,1965,3293,4387,low
13,80,381,768,1071,1359,1988,3297,4120,low
16,90,365,798,1062,1327,1989,3142,4346,low
44,64,379,754,1081,1465,1899,3140,4462,low
37,84,395,774,1048,1395,1865,3176,4236,low
30,79,352,761,1038,1310,1873,3249,4320,low
13,75,380,750,1043,1307,1955,3109,4255,low
7,61,395,800,1021,1328,1895,3259,4375,low
45,57,350,755,1097,1319,1809,3198,4311,low
34,85,380,754,1086,1417,1903,3132,4163,low
10,56,351,750,1058,1372,1810,3232,4161,low
30,77,367,776,1055,1428,1895,3172,4107,low
22,98,354,783,1037,1350,1845,3266,4371,low
26,62,354,753,1033,1304,1890,3135,4188,low
8,52,369,785,1007,1471,1852,3196,4153,low
9,96,399,770,1047,1356,1914,3169,4389,low
33,117,492,886,1126,1483,2377,3698,4665,mid
15,181,339,886,1115,1464,2391,3704,4452,mid
21,185,437,806,1104,1600,2132,3339,4561,mid
34,136,490,810,1088,1496,1918,3563,4555,mid
29,87,345,781,1097,1489,2303,3249,4576,mid
40,101,416,797,1105,1590,2112,3443,4647,mid
31,135,343,806,1090,1518,1988,3222,4632,mid
26,189,479,873,1116,1524,2209,3319,4417,mid
32,128,330,807,1108,1532,1970,3289,4520,mid
20,122,406,846,1082,1545,1925,3791,4643,mid
44,159,431,874,1092,1491,2026,3335,4440,mid
39,126,546,855,1127,1547,2285,3591,4445,mid
35,142,356,855,1105,1478,2296,3479,4459,mid
12,154,384,866,1130,1562,2042,3612,4653,mid
24,117,410,860,1120,1574,2170,3363,4636,mid
35,137,382,781,1115,1488,1925,3207,4544,mid
44,194,338,804,1121,1513,2278,3720,4635,mid
31,118,460,799,1121,1514,2191,3379,4441,mid
37,80,532,847,1123,1466,2018,3740,4637,mid
33,192,390,804,1115,1507,2253,3323,4452,mid
13,171,448,866,1085,1505,2256,3429,4658,mid
18,82,471,805,1115,1501,2101,3249,4462,mid
45,187,508,790,1115,1467,1908,3367,4492,mid
35,128,526,824,1123,1466,2359,3460,4660,mid
15,156,390,857,1087,1479,2333,3582,4415,mid
43,193,370,802,1127,1534,2054,3446,4463,mid
40,177,444,872,1129,1592,2153,3673,4470,mid
44,196,338,801,1085,1532,1910,3537,4628,mid
25,161,525,887,1101,1511,2137,3582,4542,mid
17,164,483,780,1114,1499,2105,3432,4613,mid
33,194,489,876,1122,1595,2843,3841,4878,high
47,257,525,920,1144,1571,2240,3965,4713,high
8,272,584,892,1168,1594,2699,3869,4841,high
43,251,581,863,1171,1667,2753,3832,4781,high
7,220,602,925,1107,1621,2825,3759,4777,high
34,215,571,856,1109,1606,2746,3681,4665,high
25,199,499,921,1144,1649,2970,3906,4952,high
28,236,604,901,1174,1595,2664,3595,4819,high
40,200,607,884,1153,1634,2771,3713,4754,high
37,185,523,919,1137,1631,2509,3574,4922,high
23,272,620,867,1119,1596,2389,3739,4714,high
37,202,625,892,1122,1598,2634,3912,4690,high
36,256,553,890,1168,1668,2427,3917,4833,high
44,201,549,912,1133,1584,2593,3859,4963,high
20,215,610,913,1169,1578,2508,3743,4917,high
40,197,658,896,1174,1638,2362,3883,4767,high
45,197,560,888,1173,1620,2484,3877,4724,high
33,254,601,924,1149,1631,2332,3600,4645,high
44,200,629,899,1155,1614,2695,3707,4705,high
8,274,604,922,1166,1628,2739,3728,4666,high
34,230,602,913,1133,1629,2312,3524,4649,high
8,210,534,862,1131,1588,2824,3730,4842,high
8,196,605,915,1142,1635,2362,3858,4949,high
39,231,540,895,1153,1668,2933,3793,4722,high
47,271,654,860,1134,1647,2636,3742,4911,high
19,198,492,883,1164,1624,2437,3956,4844,high
31,253,518,920,1116,1587,2312,3526,4629,high
27,237,498,906,1142,1594,2832,3691,4834,high
22,234,568,900,1130,1641,2289,3802,4869,high
40,259,581,879,1124,1562,2867,3543,4694,high
12,97,398,778,1023,1417,1962,3297,4272,low
20,87,367,800,1021,1428,1867,3120,4400,low
28,77,390,759,1076,1346,1844,3174,4444,low
11,60,382,777,1038,1412,1872,3198,4364,low
39,55,358,774,1037,1350,1888,3212,4356,low
33,100,365,782,1004,1333,1969,3252,4365,low
30,73,371,795,1069,1351,1910,3244,4340,low
33,51,392,753,1053,1352,1965,3250,4344,low
21,52,356,794,1059,1454,1803,3242,4141,low
25,64,379,767,1094,1416,1957,3131,4435,low
46,83,375,793,1049,1353,1939,3232,4407,low
14,93,352,774,1029,1412,1907,3134,4133,low
17,86,375,792,1087,1339,1868,3113,4413,low
13,57,353,792,1094,1339,1921,3111,4136,low
38,69,358,757,1039,1467,1877,3133,4441,low
39,73,392,797,1020,1304,1953,3214,4480,low
11,96,359,788,1006,1456,1838,3175,4368,low
12,50,361,761,1077,1454,1910,3139,4258,low
23,59,365,756,1005,1451,1926,3262,4143,low
25,74,388,750,1002,1458,1837,3186,4152,low
20,72,374,788,1054,1470,1852,3129,4157,low
29,73,352,761,1040,1456,1893,3224,4474,low
43,52,368,774,1055,1485,1817,3285,4344,low
14,57,379,758,1045,1486,1934,3254,4191,low
41,98,397,793,1057,1391,1815,3237,4379,low
23,65,360,797,1039,1415,2000,3184,4107,low
25,67,380,799,1025,1454,1973,3300,4406,low
13,57,390,769,1067,1408,1821,3231,4137,low
34,97,368,769,1081,1421,1851,3200,4313,low
30,62,353,792,1062,1404,1986,3244,4388,low
27,100,346,801,1129,1553,2392,3344,4610,mid
34,95,406,872,1095,1577,2103,3742,4576,mid
13,167,407,894,1110,1532,2041,3611,4504,mid
9,199,371,783,1081,1560,2158,3642,4542,mid
41,104,539,837,1085,1593,1967,3509,4552,mid
31,139,547,838,1108,1493,1975,3694,4444,mid
20,160,340,811,1091,1536,2342,3786,4581,mid
16,189,391,866,1092,1485,2334,3356,4553,mid
30,80,456,789,1086,1548,2272,3273,4406,mid
34,168,511,894,1100,1512,2253,3299,4679,mid
26,123,364,899,1118,1558,2087,3762,4663,mid
35,96,413,823,1095,1567,1918,3798,4443,mid
14,94,383,827,1102,1599,1926,3308,4625,mid
31,190,403,841,1113,1524,2096,3732,4511,mid
45,87,495,887,1085,1570,2069,3431,4432,mid
14,119,421,795,1103,1534,2247,3753,4668,mid
32,160,431,822,1128,1556,2190,3776,4664,mid
7,137,410,873,1092,1556,2178,3312,4625,mid
35,107,497,874,1113,1548,2327,3454,4555,mid
11,194,412,886,1122,1545,2167,3476,4680,mid
24,129,425,884,1099,1529,2179,3565,4592,mid
24,90,343,890,1125,1551,2342,3710,4497,mid
30,112,347,890,1087,1578,2131,3405,4631,mid
11,99,498,788,1113,1508,1986,3482,4449,mid
22,163,494,827,1104,1532,2081,3366,4686,mid
30,194,446,839,1110,1476,2315,3352,4409,mid
10,135,541,780,1119,1468,2238,3396,4576,mid
19,113,452,832,1096,1566,2139,3444,4680,mid
21,162,477,875,1094,1486,2128,3773,4580,mid
43,175,338,832,1105,1476,1967,3387,4606,mid
12,199,579,877,1159,1638,2789,3566,4865,high
32,251,537,891,1146,1648,2304,3730,4651,high
43,186,667,859,1100,1664,2679,3879,4804,high
46,188,519,903,1114,1565,2790,3502,4726,high
41,193,621,909,1124,1575,2310,3916,4644,high
43,212,486,913,1121,1610,2529,3943,4737,high
18,211,666,899,1107,1552,2541,3881,4600,high
38,272,651,860,1109,1571,2649,3873,4863,high
38,240,575,876,1105,1652,2517,3857,4816,high
45,223,543,909,1166,1662,2974,3566,4920,high
8,240,593,922,1171,1664,2211,3907,4941,high
8,250,583,863,1126,1611,2949,3893,4835,high
20,227,566,875,1160,1569,2670,3527,4611,high
16,209,620,890,1108,1594,2539,3868,4636,high
46,185,654,905,1110,1639,2229,3633,4894,high
14,266,559,899,1142,1632,2310,3606,4743,high
33,272,543,859,1158,1611,2545,3802,4683,high
35,216,589,858,1118,1668,2863,3663,4947,high
30,217,492,894,1134,1623,2430,3714,4770,high
11,217,571,874,1115,1673,2956,3842,4794,high
36,268,644,912,1141,1653,2351,3557,4733,high
45,210,563,917,1118,1644,2215,3579,4805,high
16,240,513,882,1142,1568,2409,3863,4614,high
40,182,653,905,1134,1650,2417,3826,4962,high
8,237,624,912,1125,1624,2426,3589,4845,high
13,180,662,853,1134,1571,2321,3600,4687,high
11,249,515,917,1155,1587,2815,3556,4828,high
35,195,586,858,1167,1573,2573,3712,4786,high
46,217,511,923,1172,1572,2604,3886,4795,high
13,212,533,918,1174,1587,2709,3893,4835,high
34,68,358,774,1038,1391,1863,3289,4338,low
37,57,373,795,1004,1413,1910,3133,4169,low
10,61,394,788,1022,1383,1943,3268,4221,low
45,79,360,771,1016,1419,1935,3279,4357,low
11,52,361,763,1077,1341,1882,3206,4425,low
28,77,353,780,1031,1399,1905,3213,4493,low
14,91,393,773,1070,1427,1906,3269,4286,low
37,51,354,798,1024,1315,1927,3298,4240,low
9,88,372,776,1048,1366,1863,3131,4474,low
38,61,351,770,1050,1448,1815,3109,4358,low
28,80,353,766,1035,1368,1832,3225,4215,low
22,64,359,776,1033,1357,1826,3197,4139,low
40,96,366,779,1066,1315,1872,3262,4247,low
10,50,396,782,1006,1486,1918,3269,4381,low
32,71,396,772,1086,1442,1823,3217,4112,low
47,52,372,769,1001,1430,1984,3167,4207,low
29,76,390,758,1062,1359,1961,3267,4476,low
7,91,368,755,1015,1400,1838,3122,4260,low
18,77,394,766,1036,1474,1905,3210,4111,low
31,50,354,781,1022,1338,1891,3178,4238,low
42,76,375,790,1097,1397,1983,3266,4302,low
44,98,374,767,1070,1372,1855,3215,4342,low
12,59,397,764,1003,1484,1974,3247,4221,low
8,83,394,781,1095,1306,1969,3214,4378,low
40,61,385,768,1093,1435,1873,3252,4372,low
12,55,383,761,1034,1488,1813,3115,4153,low
44,75,382,778,1083,1375,1908,3287,4227,low
46,100,383,772,1030,1401,1906,3104,4107,low
44,81,383,797,1074,1354,1991,3251,4184,low
23,94,365,761,1076,1314,1861,3190,4132,low
9,200,517,838,1106,1590,1926,3778,4617,mid
7,195,362,867,1088,1532,2125,3748,4650,mid
7,197,408,866,1097,1561,2048,3397,4479,mid
25,168,441,850,1116,1472,2088,3631,4412,mid
34,94,463,888,1080,1473,2168,3393,4418,mid
34,181,545,839,1092,1494,2088,3562,4624,mid
25,111,423,841,1082,1483,1939,3611,4592,mid
39,181,486,804,1102,1513,1990,3746,4473,mid
31,196,462,792,1087,1459,2068,3655,4505,mid
44,148,361,863,1109,1531,2292,3691,4481,mid
18,125,525,870,1083,1593,2388,3561,4546,mid
42,129,511,793,1105,1499,2097,3559,4658,mid
26,154,527,821,1104,1579,2205,3578,4402,mid
10,162,351,856,1108,1508,2299,3290,4571,mid
26,119,548,878,1099,1575,2389,3263,4686,mid
27,89,422,861,1119,1481,1909,3250,4605,mid
41,188,472,830,1100,1452,2128,3295,4682,mid
15,113,496,893,1103,1462,2362,3570,4521,mid
10,155,519,826,1112,1452,1917,3353,4699,mid
13,93,336,837,1110,1595,2031,3383,4499,mid
22,137,503,797,1091,1568,2297,3356,4406,mid
37,101,423,883,1130,1592,2135,3433,4509,mid
8,194,377,825,1125,1535,2152,3507,4479,mid
40,106,443,870,1124,1489,2268,3502,4613,mid
40,114,385,840,1110,1489,2334,3403,4500,mid
33,89,513,819,1117,1484,2220,3591,4566,mid
19,147,335,899,1111,1599,2258,3640,4517,mid
30,155,336,852,1082,1486,2131,3640,4509,mid
12,137,413,880,1113,1492,2356,3220,4415,mid
37,108,483,865,1098,1455,2317,3335,4479,mid
24,248,610,861,1114,1595,2922,3973,4628,high
28,260,586,910,1120,1646,2849,3589,4963,high
20,270,656,869,1100,1610,2509,3682,4644,high
37,253,500,925,1115,1638,2856,3614,4664,high
22,213,631,925,1144,1649,2587,3723,4962,high
33,219,612,850,1124,1551,2621,3619,4724,high
37,266,669,872,1135,1571,2385,3563,4692,high
45,260,515,922,1107,1636,2709,3624,4965,high
32,194,525,913,1108,1616,2529,3686,4601,high
31,195,626,887,1171,1632,2883,3549,4760,high
36,233,555,868,1175,1588,2517,3848,4690,high
33,203,665,911,1107,1613,2716,3576,4966,high
26,253,638,906,1115,1611,2399,3627,4710,high
14,214,483,892,1133,1596,2337,3884,4951,high
24,247,540,916,1142,1648,2329,3883,4793,high
33,225,544,877,1144,1605,2806,3726,4928,high
21,252,674,885,1146,1662,2861,3518,4904,high
47,255,653,918,1111,1631,2560,3523,4646,high
22,182,524,871,1125,1600,2482,3975,4825,high
47,258,670,862,1115,1619,2711,3674,4619,high
9,267,567,890,1141,1584,2218,3704,4933,high
27,237,663,858,1174,1600,2501,3677,4843,high
25,198,506,864,1148,1664,2786,3799,4721,high
27,198,571,906,1107,1600,2893,3833,4861,high
30,240,566,908,1170,1623,2571,3832,4905,high
11,189,501,919,1153,1563,2864,3697,4697,high
13,247,610,856,1175,1649,2944,3893,4712,high
34,265,628,886,1170,1584,2486,3951,4693,high
25,269,548,891,1169,1585,2970,3850,4879,high
21,249,510,889,1150,1589,2820,3938,4898,high
10,90,377,765,1064,1400,1998,3118,4323,low
30,87,359,774,1062,1422,1992,3110,4482,low
45,97,387,758,1039,1381,1839,3248,4144,low
26,89,390,774,1050,1372,1948,3281,4227,low
30,59,393,755,1041,1342,1998,3219,4284,low
40,58,372,764,1031,1372,1840,3262,4396,low
9,69,400,781,1001,1462,1840,3285,4385,low
15,92,373,763,1020,1312,1810,3256,4205,low
27,71,350,791,1027,1358,1918,3283,4164,low
30,70,392,774,1051,1393,1960,3100,4473,low
39,90,354,791,1088,1361,1897,3183,4290,low
7,63,366,760,1068,1370,1906,3247,4289,low
9,89,350,760,1088,1463,1838,3256,4318,low
46,90,353,786,1055,1308,1941,3295,4497,low
43,53,378,765,1048,1487,1820,3218,4350,low
25,58,362,762,1083,1470,1811,3182,4185,low
23,81,381,758,1007,1440,1895,3211,4450,low
24,91,363,751,1082,1412,1870,3236,4477,low
10,100,380,785,1048,1373,1832,3191,4267,low
36,66,396,755,1058,1483,1910,3230,4220,low
22,76,393,778,1085,1408,1894,3291,4107,low
15,78,367,781,1061,1324,1912,3277,4421,low
42,79,373,782,1079,1309,1986,3223,4456,low
15,72,360,797,1038,1464,1813,3268,4279,low
31,81,391,760,1082,1431,1819,3201,4199,low
42,52,360,780,1000,1363,1923,3193,4153,low
30,56,350,765,1094,1369,1880,3203,4157,low
18,73,372,775,1002,1371,1802,3212,4325,low
11,58,378,787,1004,1483,1964,3149,4113,low
18,60,370,767,1071,1445,1820,3222,4270,low
18,176,355,811,1111,1454,2380,3795,4575,mid
28,177,540,782,1116,1590,1927,3625,4618,mid
20,168,380,883,1100,1508,2247,3542,4560,mid
8,85,508,803,1116,1521,2213,3782,4660,mid
15,161,494,784,1108,1524,2058,3315,4430,mid
7,135,492,858,1103,1463,1985,3376,4628,mid
34,181,344,839,1112,1457,2142,3428,4548,mid
18,197,448,789,1095,1464,2023,3386,4580,mid
29,183,353,837,1088,1590,2345,3748,4633,mid
7,102,446,876,1084,1506,1948,3381,4545,mid
29,115,544,839,1086,1590,2195,3604,4553,mid
35,197,448,850,1087,1465,2198,3510,4634,mid
29,107,415,783,1080,1494,2318,3457,4440,mid
20,153,399,842,1112,1534,1907,3660,4417,mid
24,122,361,883,1080,1500,1984,3387,4412,mid
36,172,482,798,1114,1555,2079,3520,4533,mid
31,110,346,819,1089,1483,2353,3501,4658,mid
12,182,412,785,1099,1520,2012,3754,4678,mid
28,133,479,839,1103,1549,2306,3339,4616,mid
36,139,355,808,1092,1574,2140,3376,4406,mid
8,163,355,784,1112,1526,2024,3481,4552,mid
34,116,465,808,1126,1540,2059,3510,4687,mid
21,99,545,829,1116,1589,1926,3296,4688,mid
16,88,330,863,1126,1508,2094,3222,4418,mid
21,128,449,862,1122,1545,2326,3615,4530,mid
41,84,485,857,1118,1476,1993,3265,4628,mid
40,113,457,880,1094,1501,1913,3795,4694,mid
44,89,338,872,1117,1593,2169,3646,4451,mid
47,110,492,868,1116,1477,1992,3755,4531,mid
34,97,522,809,1109,1557,1982,3778,4477,mid
24,265,563,910,1159,1560,2677,3770,4616,high
17,229,570,908,1130,1581,2334,3897,4852,high
18,256,563,867,1146,1570,2329,3795,4895,high
20,222,539,912,1162,1592,2489,3743,4809,high
46,266,669,861,1126,1557,2475,3515,4933,high
26,275,491,852,1132,1616,2323,3882,4898,high
32,216,576,863,1100,1604,2445,3838,4854,high
28,228,564,918,1167,1563,2719,3905,4839,high
28,214,560,903,1168,1580,2302,3728,4814,high
22,239,617,885,1153,1675,2847,3916,4666,high
35,184,582,898,1104,1620,2633,3899,4634,high
12,259,572,906,1104,1552,2460,3545,4942,high
18,230,540,901,1125,1598,2403,3758,4614,high
11,216,556,861,1161,1665,2748,3507,4772,high
13,267,636,868,1114,1673,2315,3797,4805,high
19,206,563,881,1123,1558,2694,3641,4845,high
13,245,648,905,1173,1658,2577,3506,4763,high
13,213,543,909,1153,1660,2779,3900,4925,high
10,247,563,893,1135,1593,2937,3817,4872,high
35,265,480,859,1125,1659,2461,3635,4768,high
39,191,497,919,1131,1577,2711,3759,4721,high
19,253,576,913,1134,1619,2457,3649,4838,high
27,198,539,899,1135,1559,2255,3819,4617,high
44,237,657,874,1154,1599,2836,3858,4738,high
45,208,514,902,1174,1562,2865,3971,4813,high
38,188,660,887,1109,1569,2535,3750,4951,high
13,240,641,912,1127,1611,2574,3735,4712,high
43,257,534,869,1156,1641,2610,3954,4667,high
17,220,658,877,1151,1579,2924,3601,4724,high
18,238,621,921,1141,1632,2838,3685,4967,high
